"state","location","both_sexes_2002","females_2002","males_2002","both_sexes_2003","females_2003","males_2003","both_sexes_2004","females_2004","males_2004","both_sexes_2005","females_2005","males_2005","both_sexes_2006","females_2006","males_2006","both_sexes_2007","females_2007","males_2007","both_sexes_2008","females_2008","males_2008","both_sexes_2009","females_2009","males_2009","both_sexes_2010","females_2010","males_2010","both_sexes_2011","females_2011","males_2011","both_sexes_2012","females_2012","males_2012"
"Oregon","Baker County",55.6,46.2,65.4,56.7,48.2,65.5,54.6,46,63.5,55.4,47.5,63.6,55.9,48.8,63.2,55.3,48.1,62.7,54.8,47.8,62.1,56,49.3,62.9,57,50.6,63.6,57.1,51.2,63.3,56.8,50.1,63.7
"Oregon","Benton County",66.1,59.6,72.8,66.7,61.2,72.5,64.7,58.7,70.9,64.7,59.3,70.3,65,60.3,69.9,64.4,59.7,69.3,65.3,61,69.8,66.2,62.1,70.5,67.5,64.1,71.1,67.9,65,70.8,67.8,64.5,71.3
"Oregon","Clackamas County",62.1,55.8,68.7,63.1,57.8,68.6,61.1,55.4,67,62.6,57.4,68,62.5,57.8,67.4,62.1,57.1,67.3,61.8,57.1,66.7,63,58.2,67.9,64.1,59.8,68.6,65.1,61.5,68.9,64.9,60.7,69.3
"Oregon","Clatsop County",59.9,54.3,65.7,61.6,56.8,66.5,59.9,54.4,65.5,61.5,56.2,66.9,61.4,56.4,66.5,62.5,57.1,68.1,62.8,57.7,68.2,63.7,58.2,69.3,65.7,60.4,71.3,65.7,60.9,70.6,65.7,60.5,71.1
"Oregon","Columbia County",58.1,49.3,67.2,59,51.3,67,57.4,49.5,65.7,58.7,51.4,66.3,59.1,52.6,65.8,59.8,53.1,66.8,58.4,52.2,64.8,59.2,52.8,65.8,60.5,54.8,66.3,62.2,57.5,67,61,55.8,66.4
"Oregon","Coos County",53.6,44.7,62.8,55.5,47.5,63.8,53.8,45.5,62.5,54.1,46.4,62,55,48.1,62.2,56.6,49.4,64.1,54.8,47.6,62.3,55.5,48.1,63.1,56.9,50.1,63.9,57.5,51.2,64,57.2,51,63.6
"Oregon","Crook County",55.5,47.6,63.6,57.2,50.3,64.3,55.4,48.4,62.6,56.8,50.5,63.4,56.9,51.4,62.6,57.3,51.4,63.4,56.8,50.5,63.3,55.8,49,62.8,57,51,63.3,57.8,52.4,63.3,57.2,51.3,63.4
"Oregon","Curry County",59,51.7,66.6,61,54.5,67.8,59.6,52.9,66.6,60.9,54.8,67.3,59.8,54.5,65.3,60.9,55.4,66.6,60,54.4,65.8,61.4,56.3,66.6,62.5,57.8,67.5,62.3,58.1,66.8,61.9,57.5,66.6
"Oregon","Deschutes County",65.9,58.1,73.9,67,60.3,74,65.1,58.2,72.2,66.9,60.7,73.3,66,60.6,71.6,66.4,60.8,72.2,65.1,59.5,70.8,65.1,59.6,70.9,65.4,60.7,70.4,66.6,62.5,70.8,65.9,61.4,70.5
"Oregon","Douglas County",52.9,46.2,59.9,54.1,48.2,60.1,52.1,46.1,58.4,54.3,48.7,60.1,53.2,48.6,57.9,54.4,49.5,59.5,54.2,49.4,59.3,54.3,49.2,59.5,54.6,50.3,59,56.6,52.8,60.6,55.6,51.6,59.8
"Oregon","Gilliam County",59.4,51.8,67.2,61.8,55.6,68.3,60.5,54.3,67,62,56.3,67.9,63.4,58.3,68.7,64.7,59.7,69.9,65.8,61.4,70.4,67.7,64.2,71.4,69.2,66.6,71.8,70.3,68.3,72.4,69.7,67.1,72.4
"Oregon","Grant County",55.7,45.8,65.9,57.1,48.1,66.4,55.9,46.6,65.6,56.8,48,65.8,56.9,48.9,65.2,58.1,49.8,66.7,56.8,49.3,64.6,56.8,49.9,63.9,58.9,52.6,65.6,59.5,53.6,65.6,58.4,51.6,65.4
"Oregon","Harney County",55.2,45,65.7,56,46.4,66,53.8,44,63.9,54.9,45.6,64.5,53.8,45.1,62.7,54.3,45.3,63.8,53.5,45.2,62,54.3,45.8,63.1,54.8,46.4,63.5,56.2,48.1,64.6,56.1,47.6,64.8
"Oregon","Hood River County",56,45.5,66.9,56.8,47.5,66.4,55.3,45.9,65.1,56.2,47.4,65.3,56.2,48.2,64.6,57.6,49.4,66.1,57.1,49.4,65.1,58.7,51.3,66.3,60.4,53.8,67.3,60.2,54.3,66.2,59.7,53.2,66.4
"Oregon","Jackson County",58.4,52.8,64.2,59.6,54.7,64.7,57.5,52.2,63.1,59.2,54.2,64.4,59,54.5,63.6,59.5,54.5,64.6,57.6,52.5,63,58.8,53.3,64.5,60,54.8,65.4,59.3,54.4,64.4,59.3,54.4,64.4
"Oregon","Jefferson County",51.6,41.1,62.4,52.6,43.3,62.1,50.3,41.1,59.9,51.6,42.9,60.6,51.2,43.4,59.2,49.7,41.8,57.9,50.2,42.7,58,51.1,43.9,58.6,51.4,45.6,57.4,52.9,47.9,58.1,52.3,46.8,57.9
"Oregon","Josephine County",56.5,50.8,62.4,58.1,53,63.5,56,50.3,61.8,57.4,52,63,57,52.2,62,56.6,51.2,62.2,54.9,49.4,60.7,55.5,49.5,61.6,57.3,51.6,63.3,57.8,52.3,63.5,57,51.3,63
"Oregon","Klamath County",56.1,46.5,66.1,57.1,48.5,66.1,55.2,46.4,64.4,55.5,47.5,63.8,55.6,48.6,62.8,57.1,49.8,64.6,56.3,49.1,63.7,56.1,49.1,63.4,59,52.6,65.5,57.7,51.9,63.7,57.9,51.8,64.2
"Oregon","Lake County",55.2,47.2,63.4,56.7,49.6,64.1,55.4,47.8,63.3,57,49.9,64.4,57.5,51.1,64.1,58.6,51.9,65.5,58.2,51.8,64.8,60.4,54.6,66.4,60.4,54.7,66.3,61.3,55.9,66.9,60.8,54.8,67
"Oregon","Lane County",59.3,52.2,66.7,60.3,54,66.8,58.3,51.6,65.2,59.5,53.3,65.9,59.6,54.2,65.3,60.9,55.1,66.9,60.3,54.7,66,61,55.4,66.9,62.3,57.4,67.4,63,58.6,67.5,62.3,57.7,67.2
"Oregon","Lincoln County",60.4,52.5,68.6,61.3,54.3,68.6,59.1,51.7,66.9,58.9,52.1,66,59.9,53.9,66.3,60.5,54.3,66.9,60.1,54.3,66.2,61.6,56.1,67.4,62.3,57.4,67.4,63.6,59.3,68.1,62.7,57.9,67.6
"Oregon","Linn County",53.6,45.4,62,54.7,47.5,62.2,52.6,45.2,60.3,53.9,47.2,60.9,53.9,48,60.1,55.1,49,61.5,55.2,49.5,61.1,56.2,50.4,62.2,56.9,51.9,62.1,57.7,53.5,62.1,57.8,53.1,62.6
"Oregon","Malheur County",44.6,33.3,56.3,46.2,35.3,57.4,43.4,32.3,55,43.7,33,54.8,43.6,33.6,54,44.6,34,55.6,42.3,32.3,52.7,42.5,32.1,53.3,36.7,27.2,46.5,43.3,33,53.9,42.4,31.6,53.7
"Oregon","Marion County",54.9,47.3,62.8,55.9,49.2,62.9,53.6,46.3,61.2,55.1,48,62.4,55,48.5,61.8,55.1,48.2,62.3,54.7,48.2,61.5,56,49.2,63,57.1,50.8,63.5,57.3,51.6,63.1,56.8,50.6,63.3
"Oregon","Morrow County",52.6,42.6,63,52.7,43.7,62.1,50.5,41,60.3,50.7,41.5,60.2,50,41.4,58.9,50.9,41.8,60.2,50.9,42.2,59.9,51.7,43.2,60.6,52.2,44.2,60.5,53.4,45.9,61.1,53.1,44.8,61.6
"Oregon","Multnomah County",64.1,58,70.4,65.1,60,70.3,63,57.6,68.6,63.4,58.4,68.4,63.4,59.1,67.9,63.8,59,68.7,63.9,59.6,68.3,64.7,60.2,69.2,64.9,61.1,68.9,65.6,62.5,68.8,65.1,61.6,68.8
"Oregon","Oregon",59.7,52.8,66.8,60.7,54.8,66.9,58.7,52.3,65.3,59.7,53.9,65.9,59.6,54.3,65.1,60.1,54.5,66,59.7,54.3,65.2,60.6,55.1,66.2,61.5,56.6,66.6,62.2,57.8,66.6,61.7,57,66.6
"Oregon","Polk County",56.3,50.3,62.5,57.2,52.1,62.5,55,49.3,61,55,49.8,60.5,55.6,50.8,60.5,57,51.7,62.5,56.9,52.1,61.9,58.4,53.6,63.2,59.2,55,63.5,61.2,57.5,65.1,60.2,55.9,64.7
"Oregon","Sherman County",57.2,48.1,66.7,58.8,50.9,67,57.4,49.7,65.5,59.1,52.2,66.1,59.5,53.7,65.5,61,55.3,66.9,61.8,57.1,66.6,64,60.2,68,66.6,63,70.4,67.6,64.8,70.6,67.1,63.7,70.6
"Oregon","Tillamook County",59.2,52.3,66.3,60.8,54.8,67,58.4,51.8,65.2,59.7,53.5,66.1,58.9,53.1,64.8,59.7,53.8,65.8,58.3,53.2,63.6,59.9,55.1,64.9,61.1,56.9,65.4,62.2,58.7,65.9,61.9,57.8,66.1
"Oregon","Umatilla County",50.1,40.5,60.1,51.3,42.6,60.3,49.2,40.1,58.5,50.6,42,59.6,50.2,42.3,58.3,51.1,42.9,59.6,50.9,43.2,58.9,52,44.4,59.8,54.1,47,61.4,54.1,47.6,60.9,53.7,46.3,61.3
"Oregon","Union County",57.7,50.9,64.8,58.5,52.3,64.8,55.8,49.2,62.6,56.3,50.2,62.7,55.3,49.8,61.1,54.4,48.4,60.7,54,48,60.3,54.5,48.2,61.1,55.8,49.7,62.1,57,51.2,63.1,55.8,49,62.8
"Oregon","Wallowa County",57.1,48.2,66.3,59,50.9,67.3,57,49,65.3,58.8,51.7,66.2,58.1,52,64.4,58.2,52,64.5,58.5,53.1,64.1,59.4,53.7,65.3,59.8,54.9,64.7,62.1,57.7,66.5,61.5,56.2,66.9
"Oregon","Wasco County",55.2,44.9,65.8,56.5,47.4,66,54.9,45.5,64.6,56.2,47.6,65.1,55.4,47.8,63.4,56.2,48.4,64.3,55.2,48.2,62.5,57.2,50.6,64.1,58.6,52.5,65.1,59.2,53.9,64.7,58.6,52.6,64.8
"Oregon","Washington County",62.2,56,68.6,62.9,57.6,68.4,60.8,55,66.8,61.9,56.3,67.6,61.3,56.2,66.6,61.8,56.2,67.6,61.3,56,66.8,62.3,56.8,68,63.6,58.4,68.9,63.5,59,68.2,63.1,58,68.3
"Oregon","Wheeler County",57,48.8,65.6,60.4,53.3,67.8,55.9,49.6,62.5,56.8,51.4,62.3,57.7,53.2,62.5,58.6,54.1,63.2,58.5,55.4,61.8,58.3,55.4,61.3,62,58.8,65.3,63.3,60.9,65.8,62.8,60,65.7
"Oregon","Yamhill County",55.4,47.4,63.6,56.5,49.3,63.9,54.5,46.8,62.4,55.4,48,63,55,48.2,62.1,55.8,48.5,63.4,55.2,48.2,62.4,56.3,49.1,63.8,57,50.3,64,58.6,52.4,65.1,57.5,50.6,64.6
